distance (mm),height (um)
0.0,0.0
0.001467836,0.0018495258699999999
0.002935672,0.00219029576
0.004403509,0.002815421384
0.005871345,0.0017869313819999998
0.007339181,0.002201958524
0.008807017,0.0030041163270000002
0.010274854,0.002181817445
0.01174269,0.001907840851
0.013210526,0.002191533933
0.014678362,0.002276203607
0.016146198,0.0018656074769999999
0.017614035,0.002745204844
0.019081871,0.00296308522
0.020549707,0.002256051785
0.022017543,0.002534187138
0.023485379,0.002903253619
0.024953216,0.0022380367479999997
0.026421052,0.002175627185
0.027888888,0.003224606507
0.029356724,0.0031131505869999997
0.030824561,0.00228573567
0.032292397,0.0020854046610000003
0.033760233,0.0020727448339999998
0.035228069,0.0013751316119999999
0.036695905,0.001374687129
0.038163742,0.0018672632659999999
0.039631578,0.0015839692830000001
0.041099414,0.001469755674
0.04256725,0.002469833372
0.044035087,0.002260969797
0.045502923,0.0015224919969999999
0.046970759,0.00179373333
0.048438595,0.002296358794
0.049906431,0.001733933548
0.051374268,0.0015428269949999999
0.052842104,0.0018818538090000002
0.05430994,0.001535560163
0.055777776,0.001124307372
0.057245612,0.0014704261279999999
0.058713449,0.001080446129
0.060181285,0.000436327305
0.061649121,0.0009191672429999999
0.063116957,0.0011527140170000001
0.064584794,0.001143430435
0.06605263,0.0015756687629999999
0.067520466,0.002519706123
0.068988302,0.0023922443530000003
0.070456138,0.001940726339
0.071923975,0.0024679652669999997
0.073391811,0.002754920638
0.074859647,0.002244244732
0.076327483,0.0029301085210000004
0.07779532,0.003504116441
0.079263156,0.0028468988519999997
0.080730992,0.003240306996
0.082198828,0.0034688265079999996
0.083666664,0.0029159965219999998
0.085134501,0.002352181377
0.086602337,0.003314343768
0.088070173,0.003410193851
0.089538009,0.0030708058660000002
0.091005845,0.0037387816119999998
0.092473682,0.004216985815
0.093941518,0.003487815968
0.095409354,0.003850220423
0.09687719,0.004369912098000001
0.098345027,0.0040652995
0.099812863,0.004163394741
0.101280699,0.004665387886000001
0.102748535,0.004541298329
0.104216371,0.0038033701729999997
0.105684208,0.004435581512
0.107152044,0.004695355264
0.10861988,0.003774161793
0.110087716,0.0039057218
0.111555553,0.004565457931
0.113023389,0.004730075534
0.114491225,0.00468801081
0.115959061,0.005996731293
0.117426897,0.006028604475
0.118894734,0.005670988728000001
0.12036257,0.005931244719999999
0.121830406,0.006371660626
0.123298242,0.006076753436
0.124766079,0.006495860349
0.126233915,0.007487519991
0.127701751,0.006886981718
0.129169587,0.006401017458
0.130637423,0.00690270546
0.13210526,0.006707342616
0.133573096,0.005927946193999999
0.135040932,0.006166168511000001
0.136508768,0.006671048657
0.137976604,0.007062154368
0.139444441,0.007024556475
0.140912277,0.007727350499
0.142380113,0.007429643505
0.143847949,0.0070059840600000005
0.145315786,0.008044700391999999
0.146783622,0.008142360972
0.148251458,0.007540985902
0.149719294,0.007995873881
0.15118713,0.008282670023
0.152654967,0.0074318269160000006
0.154122803,0.007468633988
0.155590639,0.007885522477000001
0.157058475,0.007489062976
0.158526312,0.007172893746
0.159994148,0.007333144746
0.161461984,0.007771733176
0.16292982,0.007721852871
0.164397656,0.008605628091
0.165865493,0.009343597364
0.167333329,0.008767255296
0.168801165,0.009396439368
0.170269001,0.009975185535999999
0.171736837,0.009745920897
0.173204674,0.009302495729
0.17467251,0.01020931848
0.176140346,0.01028547113
0.177608182,0.009630300565000001
0.179076019,0.009618472798
0.180543855,0.009722083888000001
0.182011691,0.00862733035
0.183479527,0.008920318832999999
0.184947363,0.009386669523
0.1864152,0.009209113578
0.187883036,0.009156396361000001
0.189350872,0.011393036110000001
0.190818708,0.01404585064
0.192286545,0.01960903217
0.193754381,0.03235647863
0.195222217,0.05617237424
0.196690053,0.09631420565000001
0.198157889,0.1628206724
0.199625726,0.26551425419999997
0.201093562,0.4142810579
0.202561398,0.6195127682999999
0.204029234,0.8903270407
0.20549707,1.2286788059999998
0.206964907,1.582826689
0.208432743,1.931108459
0.209900579,2.2842268989999996
0.211368415,2.638872857
0.212836252,3.0160786710000003
0.214304088,3.319140414
0.215771924,3.5213262800000003
0.21723976,3.6486859330000003
0.218707596,3.7548631529999996
0.220175433,3.843512754
0.221643269,3.919961711
0.223111105,4.021254268
0.224578941,4.107838361
0.226046778,4.162912778
0.227514614,4.204476093999999
0.22898245,4.239046062000001
0.230450286,4.267652117
0.231918122,4.291190032
0.233385959,4.3104583860000005
0.234853795,4.326182171
0.236321631,4.338996666
0.237789467,4.349439735
0.239257303,4.357954404
0.24072514,4.364904825
0.242192976,4.370586312
0.243660812,4.3752341790000004
0.245128648,4.379044093
0.246596485,4.382175443
0.248064321,4.384755019
0.249532157,4.386885642999999
0.250999993,4.388651257
0.252467829,4.390120226
0.253935666,4.391348157
0.255403502,4.392380237999999
0.256871338,4.3932531820000005
0.258339174,4.393996815
0.259807011,4.39463537
0.261274847,4.395188536
0.262742683,4.395672315
0.264210519,4.3960997100000005
0.265678355,4.396481285
0.267146192,4.396825627
0.268614028,4.397139712
0.270081864,4.397429212
0.2715497,4.397698733
0.273017536,4.397952019
0.274485373,4.398192113
0.275953209,4.398421486
0.277421045,4.3986421469999994
0.278888881,4.398788048
0.280356718,4.398603062
0.281824554,4.397769853
0.28329239,4.3956381339999995
0.284760226,4.391045965
0.286228062,4.382145695999999
0.287695899,4.366256262
0.289163735,4.339734389999999
0.290631571,4.298232361
0.292099407,4.237115982000001
0.293567244,4.1521072640000005
0.29503508,4.040165969
0.296502916,3.90021794
0.297970752,3.744457347
0.299438588,3.603016725
0.300906425,3.465119595
0.302374261,3.330733562
0.303842097,3.2044548180000003
0.305309933,3.085323272
0.30677777,2.9656391010000003
0.308245606,2.851822851
0.309713442,2.738351287
0.311181278,2.62226648
0.312649114,2.51387959
0.314116951,2.413305759
0.315584787,2.3120894130000003
0.317052623,2.2138911290000003
0.318520459,2.1296291270000003
0.319988295,2.062029265
0.321456132,2.0106754000000002
0.322923968,1.974938021
0.324391804,1.952918371
0.32585964,1.938221622
0.327327477,1.927737595
0.328795313,1.915067297
0.330263149,1.907174264
0.331730985,1.898717917
0.333198821,1.8909777349999999
0.334666658,1.8910249060000002
0.336134494,1.897341252
0.33760233,1.909362361
0.339070166,1.932230816
0.340538003,1.9886498830000001
0.342005839,2.076921342
0.343473675,2.151455038
0.344941511,2.232004113
0.346409347,2.299544086
0.347877184,2.3657774639999998
0.34934502,2.4149897080000002
0.350812856,2.443072798
0.352280692,2.4474454970000004
0.353748528,2.425490578
0.355216365,2.395282936
0.356684201,2.356533309
0.358152037,2.298739302
0.359619873,2.230932643
0.36108771,2.1648103
0.362555546,2.1030380060000002
0.364023382,2.062201665
0.365491218,2.025881377
0.366959054,1.9892423060000002
0.368426891,1.958016271
0.369894727,1.924724584
0.371362563,1.887747963
0.372830399,1.845863681
0.374298236,1.799025167
0.375766072,1.7453478820000001
0.377233908,1.704289961
0.378701744,1.670883102
0.38016958,1.638329715
0.381637417,1.611296457
0.383105253,1.599650393
0.384573089,1.603413229
0.386040925,1.6088434930000002
0.387508761,1.607235139
0.388976598,1.5944496529999999
0.390444434,1.5637395429999998
0.39191227,1.51864402
0.393380106,1.46774573
0.394847943,1.419254746
0.396315779,1.356752938
0.397783615,1.2741477079999999
0.399251451,1.184509679
0.400719287,1.0960884690000001
0.402187124,1.019500018
0.40365496,0.9738437105000001
0.405122796,0.9593710945
0.406590632,0.956257779
0.408058469,0.9367525805
0.409526305,0.9111165452000001
0.410994141,0.8780105193000001
0.412461977,0.839683445
0.413929813,0.8211975645
0.41539765,0.8187578494000001
0.416865486,0.8044011731
0.418333322,0.7957393165
0.419801158,0.7953364117
0.421268994,0.797840552
0.422736831,0.8176634983000001
0.424204667,0.8457046315
0.425672503,0.8816335363
0.427140339,0.9103619758999999
0.428608176,0.9308771643
0.430076012,0.9437085335000001
0.431543848,0.9484186995999999
0.433011684,0.951973457
0.43447952,0.9687799599
0.435947357,1.007798509
0.437415193,1.043114764
0.438883029,1.076251829
0.440350865,1.084718975
0.441818702,1.0898578749999999
0.443286538,1.077028629
0.444754374,1.0579504819999999
0.44622221,1.039563566
0.447690046,1.035672106
0.449157883,1.035995132
0.450625719,1.044680456
0.452093555,1.0592304959999999
0.453561391,1.072836229
0.455029227,1.081589215
0.456497064,1.088695525
0.4579649,1.095044148
0.459432736,1.103894616
0.460900572,1.116263493
0.462368409,1.127395331
0.463836245,1.146517276
0.465304081,1.169788165
0.466771917,1.1864479289999998
0.468239753,1.199531617
0.46970759,1.198836636
0.471175426,1.183988482
0.472643262,1.161462387
0.474111098,1.133232133
0.475578935,1.085007595
0.477046771,1.035835363
0.478514607,0.9695171907
0.479982443,0.8984083138
0.481450279,0.8233405659999999
0.482918116,0.7924556379000001
0.484385952,0.770913889
0.485853788,0.7523323506
0.487321624,0.7394043563
0.488789461,0.7368773001
0.490257297,0.750214328
0.491725133,0.7250684708999999
0.493192969,0.6754912366
0.494660805,0.668082918
0.496128642,0.6433765171
0.497596478,0.6219066561
0.499064314,0.6205978059
0.50053215,0.6334181834
0.501999986,0.6532207635
0.503467823,0.6760647963
0.504935659,0.6995981176
0.506403495,0.7048126246
0.507871331,0.7003679521
0.509339168,0.7054759608000001
0.510807004,0.7213350279999999
0.51227484,0.7360387146
0.513742676,0.762643236
0.515210512,0.8119761664999999
0.516678349,0.8771778295
0.518146185,0.9494714294000001
0.519614021,1.01776558
0.521081857,1.076372199
0.522549694,1.138554016
0.52401753,1.1425857510000001
0.525485366,1.109728061
0.526953202,1.070389191
0.528421038,1.0526122150000001
0.529888875,1.046542642
0.531356711,1.044361558
0.532824547,1.049400328
0.534292383,1.063640316
0.535760219,1.068198034
0.537228056,1.0797876940000002
0.538695892,1.0874935940000001
0.540163728,1.089271757
0.541631564,1.089947527
0.543099401,1.096574433
0.544567237,1.100212617
0.546035073,1.097237942
0.547502909,1.0836570779999999
0.548970745,1.074093841
0.550438582,1.064256425
0.551906418,1.0399668059999998
0.553374254,1.007764641
0.55484209,0.9763745554
0.556309927,0.9951416398
0.557777763,1.009657249
0.559245599,0.995974481
0.560713435,0.982600264
0.562181271,0.9557233467
0.563649108,0.9378912648000001
0.565116944,0.9183842897
0.56658478,0.9398061718
0.568052616,0.9758169042
0.569520452,1.001914595
0.570988289,1.022412192
0.572456125,1.035384318
0.573923961,1.034980362
0.575391797,1.0331298389999999
0.576859634,1.042705375
0.57832747,1.05237366
0.579795306,1.073831693
0.581263142,1.109662594
0.582730978,1.091622144
0.584198815,1.045964074
0.585666651,0.9866983692
0.587134487,0.91595076
0.588602323,0.8595318589
0.59007016,0.8148174970000001
0.591537996,0.7839110702000001
0.593005832,0.7401746455
0.594473668,0.7151217808
0.595941504,0.7346778462
0.597409341,0.7549225735999999
0.598877177,0.7766462076
0.600345013,0.7957157967
0.601812849,0.8116263486999999
0.603280685,0.8096367824
0.604748522,0.7974534718999999
0.606216358,0.7793738261
0.607684194,0.7581074223000001
0.60915203,0.6957833454
0.610619867,0.6162353251
0.612087703,0.5813371406
0.613555539,0.5767716829
0.615023375,0.5707710012
0.616491211,0.5578839487
0.617959048,0.5403882433
0.619426884,0.5386539248000001
0.62089472,0.5511169284
0.622362556,0.5737657536
0.623830393,0.5995241208
0.625298229,0.6258384916999999
0.626766065,0.6581999746
0.628233901,0.6927859416
0.629701737,0.7555131563
0.631169574,0.8175436917
0.63263741,0.8526809059
0.634105246,0.8757955828
0.635573082,0.8857548676
0.637040918,0.8963879304
0.638508755,0.9043022617
0.639976591,0.9029377638
0.641444427,0.8971685983
0.642912263,0.8888286412
0.6443801,0.8811499318999999
0.645847936,0.8731350845
0.647315772,0.8929135705
0.648783608,0.9433812266999999
0.650251444,0.9615276374999999
0.651719281,0.9589983043
0.653187117,0.9548530851
0.654654953,0.9546247676
0.656122789,0.9561662871
0.657590626,0.9542513921
0.659058462,0.9482504328
0.660526298,0.9418312165
0.661994134,0.9420750707
0.66346197,0.9464235615
0.664929807,0.9550145793
0.666397643,0.9651478129
0.667865479,0.9753631974
0.669333315,0.9868518616999999
0.670801151,0.9964642866000001
0.672268988,1.002250091
0.673736824,0.9916230450000001
0.67520466,0.9819356777
0.676672496,0.9657123426
0.678140333,0.9543537848
0.679608169,0.9538957365
0.681076005,0.9493233222999999
0.682543841,0.9320071286
0.684011677,0.9097417626000001
0.685479514,0.8938951314
0.68694735,0.8651689751
0.688415186,0.826049955
0.689883022,0.7700558384
0.691350859,0.7063012258
0.692818695,0.6857899917
0.694286531,0.6821833225
0.695754367,0.7106136856
0.697222203,0.7464528801
0.69869004,0.7895257421
0.700157876,0.8153992461
0.701625712,0.8120770976999999
0.703093548,0.7975363125
0.704561385,0.7992114987
0.706029221,0.8140686960000001
0.707497057,0.8259887373
0.708964893,0.8382298628
0.710432729,0.8407950917
0.711900566,0.8331046505
0.713368402,0.7998016349
0.714836238,0.7609657714
0.716304074,0.7189797327999999
0.71777191,0.6835741061999999
0.719239747,0.6568162944
0.720707583,0.6566116337
0.722175419,0.6674539099
0.723643255,0.6829511022
0.725111092,0.7161395770000001
0.726578928,0.7619906718
0.728046764,0.8015351266999999
0.7295146,0.8236165619
0.730982436,0.8334608087
0.732450273,0.8420168516
0.733918109,0.8603487910000001
0.735385945,0.8730381118
0.736853781,0.8842999638
0.738321618,0.891295108
0.739789454,0.8949060435
0.74125729,0.903568223
0.742725126,0.914526705
0.744192962,0.9266711669
0.745660799,0.9286462972
0.747128635,0.9242583433999999
0.748596471,0.9229813883000001
0.750064307,0.9334326938
0.751532143,0.9483617861
0.75299998,0.9482923369
0.754467816,0.9450610014999999
0.755935652,0.9403184085
0.757403488,0.9262008558
0.758871325,0.9060334775
0.760339161,0.8983658264
0.761806997,0.8645525785
0.763274833,0.8261627941
0.764742669,0.7891544235
0.766210506,0.7590096936
0.767678342,0.7499942400999999
0.769146178,0.7843612774
0.770614014,0.8195211299
0.772081851,0.8563222935
0.773549687,0.8632665584
0.775017523,0.855464806
0.776485359,0.8521283886
0.777953195,0.8670973543
0.779421032,0.8878764874
0.780888868,0.9044121345
0.782356704,0.9159128247999999
0.78382454,0.9185015164
0.785292376,0.9125665011999999
0.786760213,0.9032970173
0.788228049,0.8836515998
0.789695885,0.8586758258
0.791163721,0.8313683489
0.792631558,0.8061684917999999
0.794099394,0.7942423028
0.79556723,0.7979260488
0.797035066,0.8036639495
0.798502902,0.8156715563
0.799970739,0.8307528391
0.801438575,0.8481646329
0.802906411,0.8604641941
0.804374247,0.8800556059000001
0.805842084,0.9060786138
0.80730992,0.911141122
0.808777756,0.9124354011
0.810245592,0.9093356937
0.811713428,0.8905788367
0.813181265,0.8763082515
0.814649101,0.8777592146
0.816116937,0.8798199533
0.817584773,0.8673728272
0.819052609,0.8617147536
0.820520446,0.8603987864
0.821988282,0.8710035648000001
0.823456118,0.8965535814
0.824923954,0.9253756918
0.826391791,0.9288828537
0.827859627,0.9113236052
0.829327463,0.897851972
0.830795299,0.8906447210999999
0.832263135,0.8771649181
0.833730972,0.8698080179
0.835198808,0.8792322437
0.836666644,0.8930858155
0.83813448,0.8986617026
0.839602317,0.9154529419
0.841070153,0.9484143153
0.842537989,0.9832569211
0.844005825,0.982753066
0.845473661,0.9743951468000001
0.846941498,0.9564851986999999
0.848409334,0.9123900505
0.84987717,0.8557829905
0.851345006,0.8051736877
0.852812842,0.7887283916
0.854280679,0.7767164663999999
0.855748515,0.7839997206
0.857216351,0.7894133751000001
0.858684187,0.7803735316999999
0.860152024,0.798324416
0.86161986,0.823620595
0.863087696,0.8318002518
0.864555532,0.8531499237000001
0.866023368,0.8603579109
0.867491205,0.8553826063000001
0.868959041,0.8470753002
0.870426877,0.8413991670000001
0.871894713,0.8234330742
0.87336255,0.8067454554
0.874830386,0.7998752988
0.876298222,0.7960958198
0.877766058,0.7876426423
0.879233894,0.7864480429
0.880701731,0.8039890321000001
0.882169567,0.8424806691
0.883637403,0.8486546839
0.885105239,0.836769325
0.886573076,0.8274844335
0.888040912,0.8199424309
0.889508748,0.8151252957
0.890976584,0.8354756013
0.89244442,0.8539879203
0.893912257,0.8589358371
0.895380093,0.8526221295
0.896847929,0.8416462265
0.898315765,0.8257177582
0.899783601,0.8165764703999999
0.901251438,0.8019066354000001
0.902719274,0.7984509417000001
0.90418711,0.8102211978
0.905654946,0.8194722172000001
0.907122783,0.8204107598
0.908590619,0.8031671406
0.910058455,0.7831845826
0.911526291,0.7650103091
0.912994127,0.7555946073
0.914461964,0.760403575
0.9159298,0.7608557711
0.917397636,0.7616042673
0.918865472,0.7705146838
0.920333309,0.7862311032
0.921801145,0.8182134885000001
0.923268981,0.8328221188
0.924736817,0.8411917511
0.926204653,0.8450404098000001
0.92767249,0.8408006861999999
0.929140326,0.8314870753
0.930608162,0.8247552224
0.932075998,0.8232311241
0.933543834,0.8229366321
0.935011671,0.8218886006
0.936479507,0.826878971
0.937947343,0.8336096716
0.939415179,0.838632479
0.940883016,0.8427532242
0.942350852,0.8405048797
0.943818688,0.835443701
0.945286524,0.828643307
0.94675436,0.8156086425
0.948222197,0.8029318168
0.949690033,0.8128690526000001
0.951157869,0.8119142139000001
0.952625705,0.802650797
0.954093542,0.7874888731999999
0.955561378,0.7606714528
0.957029214,0.7258270396000001
0.95849705,0.6756394269999999
0.959964886,0.6316974790000001
0.961432723,0.5907873155
0.962900559,0.5760804072
0.964368395,0.58255763
0.965836231,0.5927024763
0.967304067,0.614497219
0.968771904,0.6442920788000001
0.97023974,0.6738131459
0.971707576,0.7021561124
0.973175412,0.7086393879
0.974643249,0.7026925639999999
0.976111085,0.7059692072
0.977578921,0.7094928249
0.979046757,0.7006985284999999
0.980514593,0.6890599683
0.98198243,0.6795630762
0.983450266,0.6680317015
0.984918102,0.6612332635
0.986385938,0.6588576444
0.987853775,0.6631113345
0.989321611,0.6970028638
0.990789447,0.7190429352
0.992257283,0.7414089977999999
0.993725119,0.7716233068
0.995192956,0.7834213619
0.996660792,0.7875748234000001
0.998128628,0.7995878427
0.999596464,0.805751448
1.0010643,0.7976591071
1.002532137,0.7851799004
1.003999973,0.7646148568
1.005467809,0.7350821773
1.006935645,0.7142933384000001
1.008403482,0.7026931573
1.009871318,0.6980142944000001
1.011339154,0.7017963046
1.01280699,0.7118984335
1.014274826,0.730344986
1.015742663,0.7457523109
1.017210499,0.7644476633
1.018678335,0.7774164588
1.020146171,0.7755709366
1.021614008,0.7708282547
1.023081844,0.7854444192
1.02454968,0.8017978979
1.026017516,0.8230078417
1.027485352,0.8284565046
1.028953189,0.8057959767999999
1.030421025,0.7743179866000001
1.031888861,0.7430871493
1.033356697,0.7029804266
1.034824533,0.6562824895999999
1.03629237,0.6081470412
1.037760206,0.5702077007
1.039228042,0.5429292139
1.040695878,0.5283750062
1.042163715,0.5270947226
1.043631551,0.5277996278
1.045099387,0.5421927025
1.046567223,0.5700612471
1.048035059,0.5734431011000001
1.049502896,0.5612777156
1.050970732,0.5535322109999999
1.052438568,0.544892258
1.053906404,0.5454084701
1.055374241,0.5408404875
1.056842077,0.5562644459
1.058309913,0.5942978766
1.059777749,0.6430882518
1.061245585,0.686767661
1.062713422,0.7252947125
1.064181258,0.7460225984
1.065649094,0.7699852806
1.06711693,0.8002686662999999
1.068584767,0.8346379774
1.070052603,0.8542898813
1.071520439,0.8697975494
1.072988275,0.8827527787
1.074456111,0.8912996517
1.075923948,0.8995348753
1.077391784,0.9091688574
1.07885962,0.9195600521
1.080327456,0.9277813879
1.081795292,0.9282152087
1.083263129,0.9272470038
1.084730965,0.9298185005
1.086198801,0.9345708737
1.087666637,0.9379348671000001
1.089134474,0.9342536685
1.09060231,0.9291158288
1.092070146,0.9164685078
1.093537982,0.8937293264
1.095005818,0.8647410192999999
1.096473655,0.8340704032
1.097941491,0.7998081496
1.099409327,0.7623627201000001
1.100877163,0.7405372685999999
1.102345,0.7305466394
1.103812836,0.7354006275
1.105280672,0.7400113707
1.106748508,0.7330986014
1.108216344,0.743313592
1.109684181,0.7633468261
1.111152017,0.7946916932
1.112619853,0.8137589786999999
1.114087689,0.8253387046
1.115555525,0.8354563521
1.117023362,0.8334052061999999
1.118491198,0.8255846803
1.119959034,0.8189482011
1.12142687,0.8165004433
1.122894707,0.8292917915000001
1.124362543,0.8295769586999999
1.125830379,0.8268697684999999
1.127298215,0.8195838277999999
1.128766051,0.8011314558
1.130233888,0.7733582566
1.131701724,0.7425035448999999
1.13316956,0.7243493195999999
1.134637396,0.7246114741999999
1.136105233,0.7205646441
1.137573069,0.6897074596999999
1.139040905,0.6542154166
1.140508741,0.6184440902
1.141976577,0.5950880472
1.143444414,0.5822303026
1.14491225,0.5639718582000001
1.146380086,0.5473262483
1.147847922,0.5240239285
1.149315758,0.5087093033
1.150783595,0.4993977225
1.152251431,0.5082640774
1.153719267,0.5202330673
1.155187103,0.5296575509
1.15665494,0.5429416007
1.158122776,0.5611651947
1.159590612,0.582949888
1.161058448,0.5991520007000001
1.162526284,0.6031614123000001
1.163994121,0.6072104134999999
1.165461957,0.6088867049000001
1.166929793,0.586997691
1.168397629,0.5593616644999999
1.169865466,0.5529492414
1.171333302,0.5441383396999999
1.172801138,0.5398913675
1.174268974,0.5394094711999999
1.17573681,0.5410155181999999
1.177204647,0.5423319038
1.178672483,0.549414034
1.180140319,0.5503146989000001
1.181608155,0.5487112666
1.183075991,0.5544644863
1.184543828,0.5714700163
1.186011664,0.5833090587
1.1874795,0.5866153088999999
1.188947336,0.5819101451
1.190415173,0.5759266069
1.191883009,0.5618640778
1.193350845,0.5629432144
1.194818681,0.5620115657
1.196286517,0.5575354926
1.197754354,0.5656190828
1.19922219,0.5707088571000001
1.200690026,0.5712552147
1.202157862,0.5713934464
1.203625699,0.5714499628999999
1.205093535,0.5548727011
1.206561371,0.548586013
1.208029207,0.5540618036
1.209497043,0.5520863771000001
1.21096488,0.5529278868
1.212432716,0.559064792
1.213900552,0.5469909045000001
1.215368388,0.5301600218
1.216836224,0.5262848466000001
1.218304061,0.5252177150999999
1.219771897,0.5241182322
1.221239733,0.5193768914
1.222707569,0.5240995874000001
1.224175406,0.5331868764
1.225643242,0.5373374840999999
1.227111078,0.5430178504000001
1.228578914,0.5550051506
1.23004675,0.5505150588000001
1.231514587,0.5457510085
1.232982423,0.5545964939
1.234450259,0.5688800546999999
1.235918095,0.5789761645999999
1.237385932,0.5879898756
1.238853768,0.6048301214
1.240321604,0.6320352728
1.24178944,0.6688962454999999
1.243257276,0.7130964560999999
1.244725113,0.7651274820999999
1.246192949,0.7885069442
1.247660785,0.7856676243
1.249128621,0.7791943739
1.250596457,0.7645270188
1.252064294,0.7506893747000001
1.25353213,0.7443039584000001
1.254999966,0.7772271141
1.256467802,0.7991428426999999
1.257935639,0.8184246104999999
1.259403475,0.8165762465999999
1.260871311,0.7904359231
1.262339147,0.7552466121
1.263806983,0.7259680622
1.26527482,0.6909200994
1.266742656,0.6837265145
1.268210492,0.7010694006
1.269678328,0.7147925893
1.271146165,0.7080591964
1.272614001,0.7123303179
1.274081837,0.6995055380999999
1.275549673,0.6818390108
1.277017509,0.673602708
1.278485346,0.6452012999
1.279953182,0.6169751149999999
1.281421018,0.6072336937
1.282888854,0.5930423367
1.284356691,0.5840200932999999
1.285824527,0.578785753
1.287292363,0.5760181997
1.288760199,0.5730798451
1.290228035,0.5752912618
1.291695872,0.5811675379
1.293163708,0.5812012602
1.294631544,0.5838356307
1.29609938,0.5842145806
1.297567216,0.5741292131
1.299035053,0.5723485943
1.300502889,0.5744379921
1.301970725,0.5830491339
1.303438561,0.5973138840000001
1.304906398,0.6090545969
1.306374234,0.6241518245
1.30784207,0.6324285731
1.309309906,0.6455071668000001
1.310777742,0.6489076940999999
1.312245579,0.6342101428
1.313713415,0.623693838
1.315181251,0.6399965846
1.316649087,0.6548487761
1.318116924,0.6688962267
1.31958476,0.6598541330000001
1.321052596,0.6569297671000001
1.322520432,0.6572437586
1.323988268,0.6390845394
1.325456105,0.6099721929999999
1.326923941,0.5762490970999999
1.328391777,0.5693435952999999
1.329859613,0.5785656186
1.331327449,0.5888425641999999
1.332795286,0.6125827876
1.334263122,0.6463083636
1.335730958,0.6859424738000001
1.337198794,0.7266020707999999
1.338666631,0.7594054069999999
1.340134467,0.7829891748
1.341602303,0.7713816045999999
1.343070139,0.7415978418
1.344537975,0.7131643421999999
1.346005812,0.6954562622
1.347473648,0.6927233168
1.348941484,0.7197731933
1.35040932,0.7569609241
1.351877157,0.803555534
1.353344993,0.8578484957
1.354812829,0.89407727
1.356280665,0.9154972229999999
1.357748501,0.9188659778
1.359216338,0.9111787574
1.360684174,0.8876528758
1.36215201,0.8530265171
1.363619846,0.812516249
1.365087682,0.7860627232
1.366555519,0.7894433109000001
1.368023355,0.8025605692000001
1.369491191,0.7928438588
1.370959027,0.7762001805
1.372426864,0.7628979761000001
1.3738947,0.7551646497000001
1.375362536,0.7446397542
1.376830372,0.7427525608
1.378298208,0.7357223541
1.379766045,0.7152593432
1.381233881,0.704253472
1.382701717,0.6961251163
1.384169553,0.6881925758
1.38563739,0.6954881207
1.387105226,0.7132123186
1.388573062,0.7302581756
1.390040898,0.7345897766
1.391508734,0.7265162515
1.392976571,0.7123337288
1.394444407,0.7043213251
1.395912243,0.6860431498
1.397380079,0.6481007786
1.398847915,0.6025984278
1.400315752,0.5840382026
1.401783588,0.5722601424
1.403251424,0.5668418608
1.40471926,0.5744618172
1.406187097,0.5829699878
1.407654933,0.5958543021
1.409122769,0.6208458474999999
1.410590605,0.6618413174
1.412058441,0.7050809226
1.413526278,0.7453805562
1.414994114,0.8021638827
1.41646195,0.8545761592
1.417929786,0.8905651961
1.419397623,0.9175689037
1.420865459,0.9326708332
1.422333295,0.9406629446
1.423801131,0.9397647878000001
1.425268967,0.9303459639
1.426736804,0.9155830519
1.42820464,0.8989480519999999
1.429672476,0.8713994671
1.431140312,0.8381672727
1.432608148,0.8131217119
1.434075985,0.794501423
1.435543821,0.7872894856
1.437011657,0.7807716447999999
1.438479493,0.773664005
1.43994733,0.7762183158
1.441415166,0.7797189481000001
1.442883002,0.7593096103
1.444350838,0.7287518033
1.445818674,0.7010851016
1.447286511,0.6785005016
1.448754347,0.6645192967000001
1.450222183,0.6635606043
1.451690019,0.6559830040000001
1.453157856,0.6398259478999999
1.454625692,0.6239765034
1.456093528,0.6218326582
1.457561364,0.6177150132
1.4590292,0.6101368903
1.460497037,0.6086173989
1.461964873,0.5972631867
1.463432709,0.5865558161
1.464900545,0.5865539122
1.466368382,0.5888586041
1.467836218,0.5890932712
1.469304054,0.5973526599000001
1.47077189,0.6106736227
1.472239726,0.6084947992999999
1.473707563,0.5977799813
1.475175399,0.5872820364
1.476643235,0.5883817625000001
1.478111071,0.5891270536
1.479578907,0.5804648059999999
1.481046744,0.5740210713
1.48251458,0.5720073289
1.483982416,0.5679207815
1.485450252,0.5716407018999999
1.486918089,0.5792213979
1.488385925,0.5878964478
1.489853761,0.6049413426
1.491321597,0.6182676852
1.492789433,0.6151945795
1.49425727,0.6068935408999999
1.495725106,0.6025753491
1.497192942,0.6060125175
1.498660778,0.6166389442
1.500128615,0.6210808189000001
1.501596451,0.6160316639
1.503064287,0.6043061562
1.504532123,0.5947866274
1.505999959,0.5991457174
1.507467796,0.6150369231
1.508935632,0.6198959836
1.510403468,0.622799208
1.511871304,0.6309502199999999
1.51333914,0.6422962203
1.514806977,0.6510278187999999
1.516274813,0.6499004589999999
1.517742649,0.6481875860999999
1.519210485,0.6441727121999999
1.520678322,0.6397609769
1.522146158,0.628036874
1.523613994,0.6172803869000001
1.52508183,0.6104837406
1.526549666,0.6093270877
1.528017503,0.6129573133999999
1.529485339,0.6150540680000001
1.530953175,0.6132424039
1.532421011,0.6138115598
1.533888848,0.6154498777999999
1.535356684,0.6170016693
1.53682452,0.6207444010000001
1.538292356,0.6285842295
1.539760192,0.6368528709
1.541228029,0.6353035779
1.542695865,0.6349597532
1.544163701,0.6407272477
1.545631537,0.6469437835
1.547099373,0.6448937260000001
1.54856721,0.6331739779
1.550035046,0.6206812899999999
1.551502882,0.6119188404
1.552970718,0.5978682699
1.554438555,0.5806672717
1.555906391,0.5639022002
1.557374227,0.552009275
1.558842063,0.5506375741
1.560309899,0.5560675774
1.561777736,0.5743831571
1.563245572,0.5904493035
1.564713408,0.6216879714
1.566181244,0.6714658008
1.567649081,0.7411599551000001
1.569116917,0.8297386337
1.570584753,0.9282209408
1.572052589,1.041442565
1.573520425,1.125377225
1.574988262,1.1775332619999999
1.576456098,1.166217595
1.577923934,1.096917371
1.57939177,0.9960587114999999
1.580859606,0.8892342297
1.582327443,0.8242375292
1.583795279,0.7836044283
1.585263115,0.7496539636999999
1.586730951,0.7297488192
1.588198788,0.7282730374
1.589666624,0.7272980054
1.59113446,0.7180944042
1.592602296,0.6957018038
1.594070132,0.6632599009000001
1.595537969,0.6420178767
1.597005805,0.6353585862
1.598473641,0.6192210754
1.599941477,0.6012416258
1.601409314,0.5862930585
1.60287715,0.5861280743
1.604344986,0.5949110008
1.605812822,0.6037501067
1.607280658,0.6036758125999999
1.608748495,0.5988606004
1.610216331,0.5906450937
1.611684167,0.5897260877
1.613152003,0.6014858183
1.614619839,0.602656227
1.616087676,0.5930910693
1.617555512,0.582142702
1.619023348,0.5795939847
1.620491184,0.5841496905
1.621959021,0.593329076
1.623426857,0.5956022127
1.624894693,0.5973954394
1.626362529,0.5851199804
1.627830365,0.5723206846000001
1.629298202,0.5665789943
1.630766038,0.5743181328
1.632233874,0.5852470733
1.63370171,0.5957288688
1.635169547,0.5735943941
1.636637383,0.5691045827000001
1.638105219,0.5786321461
1.639573055,0.5854492116
1.641040891,0.5852267909
1.642508728,0.5814979563
1.643976564,0.5671966838
1.6454444,0.5483608572
1.646912236,0.5337635354
1.648380073,0.5325168708
1.649847909,0.5323221884
1.651315745,0.5335941311
1.652783581,0.5314618480000001
1.654251417,0.5293393175
1.655719254,0.5302831307
1.65718709,0.5396879761
1.658654926,0.5526741151
1.660122762,0.5601163427
1.661590598,0.572730589
1.663058435,0.5839312027
1.664526271,0.5954540373
1.665994107,0.5902232910999999
1.667461943,0.5849237203000001
1.66892978,0.5790842822
1.670397616,0.5815293091
1.671865452,0.5892748767
1.673333288,0.5862864138
1.674801124,0.5749866177
1.676268961,0.5607508169000001
1.677736797,0.5439858421
1.679204633,0.5406364816
1.680672469,0.5570239816
1.682140306,0.5751350555
1.683608142,0.5880944137
1.685075978,0.6024524074
1.686543814,0.6077041984
1.68801165,0.6058535726000001
1.689479487,0.5941754378
1.690947323,0.5799436198
1.692415159,0.5725410637
1.693882995,0.5639789489999999
1.695350831,0.5572762057
1.696818668,0.5606292865
1.698286504,0.5654549462999999
1.69975434,0.5625599749000001
1.701222176,0.5570909562
1.702690013,0.5568629574
1.704157849,0.5573776349
1.705625685,0.5514825884000001
1.707093521,0.5587060853
1.708561357,0.5624080741
1.710029194,0.5649029613000001
1.71149703,0.5638454729
1.712964866,0.5588030038
1.714432702,0.5483754603
1.715900539,0.5379109715
1.717368375,0.5364677286999999
1.718836211,0.5475041928000001
1.720304047,0.5573472067999999
1.721771883,0.5612038254
1.72323972,0.5615459939
1.724707556,0.5673027012
1.726175392,0.576686557
1.727643228,0.5921802175
1.729111064,0.6037149948999999
1.730578901,0.6185224952999999
1.732046737,0.6345750541
1.733514573,0.6424721284
1.734982409,0.6492104615
1.736450246,0.6638761263
1.737918082,0.6798158111
1.739385918,0.6850835165
1.740853754,0.6914120212
1.74232159,0.7063148078
1.743789427,0.7109911293
1.745257263,0.7106076897
1.746725099,0.7113843621
1.748192935,0.6984074421
1.749660772,0.6753840033
1.751128608,0.6517553789999999
1.752596444,0.6384277891000001
1.75406428,0.6306497371
1.755532116,0.6356643945
1.756999953,0.6608136201999999
1.758467789,0.6918542584
1.759935625,0.7173775915999999
1.761403461,0.7399999308999999
1.762871297,0.7554034404000001
1.764339134,0.7620064906
1.76580697,0.7669845013000001
1.767274806,0.7719443390999999
1.768742642,0.7689507602
1.770210479,0.7591930994
1.771678315,0.7542554139000001
1.773146151,0.759248813
1.774613987,0.7885644827999999
1.776081823,0.8422143717
1.77754966,0.8981353944
1.779017496,0.9563448726
1.780485332,1.008888983
1.781953168,1.056497435
1.783421005,1.075537886
1.784888841,1.079445284
1.786356677,1.120536598
1.787824513,1.166391014
1.789292349,1.2209419339999998
1.790760186,1.296328774
1.792228022,1.397125134
1.793695858,1.511379367
1.795163694,1.651307102
1.79663153,1.808283792
1.798099367,1.957762004
1.799567203,2.088329011
1.801035039,2.197727069
1.802502875,2.320853219
1.803970712,2.46593097
1.805438548,2.601751852
1.806906384,2.7101775
1.80837422,2.783686952
1.809842056,2.816661091
1.811309893,2.817692632
1.812777729,2.813275161
1.814245565,2.835592057
1.815713401,2.8856306679999997
1.817181238,2.949284955
1.818649074,3.0220945539999997
1.82011691,3.101268879
1.821584746,3.178618316
1.823052582,3.2456649069999997
1.824520419,3.296175814
1.825988255,3.350822939
1.827456091,3.417692067
1.828923927,3.5008351980000003
1.830391764,3.5954320280000003
1.8318596,3.6940030499999996
1.833327436,3.787567038
1.834795272,3.897296514
1.836263108,4.0082904269999995
1.837730945,4.121552888
1.839198781,4.232266779
1.840666617,4.3189539439999995
1.842134453,4.365633161
1.843602289,4.405800134
1.845070126,4.440064497000001
1.846537962,4.468747427
1.848005798,4.492425195
1.849473634,4.511795922999999
1.850941471,4.5275699519999995
1.852409307,4.540397908
1.853877143,4.550837092
1.855344979,4.5593430239999995
1.856812815,4.566284884
1.858280652,4.571958278
1.859748488,4.576601364
1.861216324,4.580408693000001
1.86268416,4.583539085
1.864151997,4.586117687
1.865619833,4.588247311
1.867087669,4.590011989
1.868555505,4.591480153
1.870023341,4.592707421
1.871491178,4.59373897
1.872959014,4.594611489
1.87442685,4.595354781
1.875894686,4.59599306
1.877362522,4.5965460039999995
1.878830359,4.597029601
1.880298195,4.597456847
1.881766031,4.597838302
1.883233867,4.598182546
1.884701704,4.598496551999999
1.88616954,4.5987859879999995
1.887637376,4.599055456
1.889105212,4.599308699
1.890573048,4.599548758
1.892040885,4.599778102999999
1.893508721,4.5999987419999995
1.894976557,4.600212306
1.896444393,4.600420121
1.89791223,4.600623264
1.899380066,4.600819884
1.900847902,4.60093762
1.902315738,4.600879893
1.903783574,4.600327469
1.905251411,4.59888988
1.906719247,4.59588534
1.908187083,4.590177304
1.909654919,4.580079466999999
1.911122755,4.563424804
1.912590592,4.537713861
1.914058428,4.500361193
1.915526264,4.449057623
1.9169941,4.382157414
1.918461937,4.299278504
1.919929773,4.2117658460000005
1.921397609,4.119386921
1.922865445,4.042139691
1.924333281,3.9568855239999996
1.925801118,3.848570965
1.927268954,3.7216982240000003
1.92873679,3.592375016
1.930204626,3.464440802
1.931672463,3.331356971
1.933140299,3.189220445
1.934608135,3.038933459
1.936075971,2.878796117
1.937543807,2.716893185
1.939011644,2.543227062
1.94047948,2.358789948
1.941947316,2.175067976
1.943415152,1.990314818
1.944882988,1.7916491209999998
1.946350825,1.5848835879999998
1.947818661,1.379903689
1.949286497,1.1738886480000001
1.950754333,0.9643425455
1.95222217,0.7793002746
1.953690006,0.612152838
1.955157842,0.47324867740000004
1.956625678,0.3940493854
1.958093514,0.3248227656
1.959561351,0.26715701480000004
1.961029187,0.2187848543
1.962497023,0.180055161
1.963964859,0.1473733842
1.965432696,0.1204691193
1.966900532,0.09978913755
1.968368368,0.08177603929999999
1.969836204,0.06705659577
1.97130404,0.05633949272
1.972771877,0.04705156123
1.974239713,0.03936446535
1.975707549,0.03390019263
1.977175385,0.02924474447
1.978643221,0.02488430899
1.980111058,0.021526078770000002
1.981578894,0.019241270799999998
1.98304673,0.01702399994
1.984514566,0.01463007969
1.985982403,0.01410276831
1.987450239,0.01292231385
1.988918075,0.01099686039
1.990385911,0.010303011809999998
1.991853747,0.009823798902
1.993321584,0.008119931842
1.99478942,0.007832364366
1.996257256,0.007780987936
1.997725092,0.007626359327
1.999192929,0.006925166698
2.000660765,0.007921808925
2.002128601,0.007852170131000001
2.003596437,0.00681392567
2.005064273,0.007008599454
2.00653211,0.007329256801
2.007999946,0.0065104825909999995
2.009467782,0.006651746982
2.010935618,0.007736927223000001
2.012403454,0.007559005806
2.013871291,0.00711592384
2.015339127,0.007517186193
2.016806963,0.0075400248139999996
2.018274799,0.005919572746
2.019742636,0.0060691472419999995
2.021210472,0.0062202939
2.022678308,0.006497163139
2.024146144,0.006394283781999999
2.02561398,0.0074230651940000005
2.027081817,0.007166850695
2.028549653,0.006573463848
2.030017489,0.006956817909
2.031485325,0.007321572103
2.032953162,0.006272844912
2.034420998,0.007067678811000001
2.035888834,0.007381718267
2.03735667,0.006669291484999999
2.038824506,0.0063355465759999995
2.040292343,0.006605390379
2.041760179,0.006226209983000001
2.043228015,0.00536544048
2.044695851,0.005741259022
2.046163688,0.005766631096
2.047631524,0.005380377587
2.04909936,0.005858448813
2.050567196,0.006290639652000001
2.052035032,0.0057877566189999995
2.053502869,0.005464089516
2.054970705,0.006024763449
2.056438541,0.005672923115
2.057906377,0.005241058117999999
2.059374213,0.005776657536
2.06084205,0.006083923211
2.062309886,0.005179100741
2.063777722,0.005472372624
2.065245558,0.0056062994359999995
2.066713395,0.004641646635
2.068181231,0.004545339254
2.069649067,0.004605522087
2.071116903,0.004948488577
2.072584739,0.004351007496
2.074052576,0.005678806626
2.075520412,0.005579217606
2.076988248,0.004888535021
2.078456084,0.004815460177
2.079923921,0.005492732924
2.081391757,0.0051290079019999995
2.082859593,0.005094859125
2.084327429,0.005661716709
2.085795265,0.005514220617
2.087263102,0.004431509678
2.088730938,0.004972580874
2.090198774,0.004802133364
2.09166661,0.003713505706
2.093134446,0.003627020689
2.094602283,0.003911581165
2.096070119,0.003966434169
2.097537955,0.0033009277830000003
2.099005791,0.004046185214
2.100473628,0.00368707283
2.101941464,0.0027128352389999997
2.1034093,0.003105784885
2.104877136,0.003494764038
2.106344972,0.0027871597920000003
2.107812809,0.003182474351
2.109280645,0.00359987935
2.110748481,0.003065399024
2.112216317,0.0026057260630000002
2.113684154,0.002894492494
2.11515199,0.0019814052280000003
2.116619826,0.001309840326
2.118087662,0.001416705088
2.119555498,0.0016953334630000001
2.121023335,0.0014323686579999998
2.122491171,0.0020334505009999997
2.123959007,0.002286550434
2.125426843,0.001705770287
2.126894679,0.001478296133
2.128362516,0.0021715707869999997
2.129830352,0.002084117886
2.131298188,0.0016287197360000001
2.132766024,0.002722040296
2.134233861,0.0026447644819999998
2.135701697,0.001482507155
2.137169533,0.0014250739189999998
2.138637369,0.0017029943940000002
2.140105205,0.0007292369250000001
2.141573042,0.000741311449
2.143040878,0.001275500681
2.144508714,0.001910545953
2.14597655,0.001479915179
2.147444387,0.002574717309
2.148912223,0.0025293290389999997
2.150380059,0.0018124901
2.151847895,0.001966038055
2.153315731,0.002888996091
2.154783568,0.002162037605
2.156251404,0.0022710210960000003
2.15771924,0.002694336086
2.159187076,0.002813919515
2.160654912,0.00203563276
2.162122749,0.002381570083
2.163590585,0.0018606947680000002
2.165058421,0.0006550699629999999
2.166526257,0.000339790707
2.167994094,0.000902731941
2.16946193,0.001013826655
2.170929766,0.000920614046
2.172397602,0.0019452792050000001
2.173865438,0.001775524795
2.175333275,0.0012292106480000001
2.176801111,0.00191708103
2.178268947,0.0023753829689999997
2.179736783,0.001123947558
2.18120462,0.00110530812
2.182672456,0.001234007799
2.184140292,0.000358314847
2.185608128,-0.000599587167
2.187075964,-0.00025315867
2.188543801,-0.00087898208
2.190011637,-0.001883843239
2.191479473,-0.0013393341889999999
2.192947309,-0.001078448138
2.194415145,-0.0014137836770000002
2.195882982,-0.0007110075390000001
2.197350818,-0.000365183662
2.198818654,-0.0005954701620000001
2.20028649,-0.000877177685
2.201754327,0.0
